actor_id,full_name,film_id
1,Penelope Guiness,1
1,Penelope Guiness,1
1,Penelope Guiness,1
1,Penelope Guiness,1
10,Christian Gable,1
10,Christian Gable,1
10,Christian Gable,1
10,Christian Gable,1
20,Lucille Tracy,1
20,Lucille Tracy,1
20,Lucille Tracy,1
20,Lucille Tracy,1
30,Sandra Peck,1
30,Sandra Peck,1
30,Sandra Peck,1
30,Sandra Peck,1
1,Penelope Guiness,23
1,Penelope Guiness,23
1,Penelope Guiness,23
4,Jennifer Davis,23
4,Jennifer Davis,23
4,Jennifer Davis,23
22,Elvis Marx,23
22,Elvis Marx,23
22,Elvis Marx,23
1,Penelope Guiness,25
1,Penelope Guiness,25
1,Penelope Guiness,25
4,Jennifer Davis,25
4,Jennifer Davis,25
4,Jennifer Davis,25
7,Grace Mostel,25
7,Grace Mostel,25
7,Grace Mostel,25
1,Penelope Guiness,106
1,Penelope Guiness,140
1,Penelope Guiness,140
20,Lucille Tracy,140
20,Lucille Tracy,140
1,Penelope Guiness,166
1,Penelope Guiness,277
1,Penelope Guiness,277
1,Penelope Guiness,277
24,Cameron Streep,277
24,Cameron Streep,277
24,Cameron Streep,277
37,Val Bolger,277
37,Val Bolger,277
37,Val Bolger,277
1,Penelope Guiness,361
1,Penelope Guiness,438
1,Penelope Guiness,438
1,Penelope Guiness,438
16,Fred Costner,438
16,Fred Costner,438
16,Fred Costner,438
34,Audrey Olivier,438
34,Audrey Olivier,438
34,Audrey Olivier,438
1,Penelope Guiness,499
1,Penelope Guiness,499
1,Penelope Guiness,499
20,Lucille Tracy,499
20,Lucille Tracy,499
20,Lucille Tracy,499
36,Burt Dukakis,499
36,Burt Dukakis,499
36,Burt Dukakis,499
1,Penelope Guiness,506
1,Penelope Guiness,509
1,Penelope Guiness,509
6,Bette Nicholson,509
6,Bette Nicholson,509
1,Penelope Guiness,605
1,Penelope Guiness,605
6,Bette Nicholson,605
6,Bette Nicholson,605
1,Penelope Guiness,635
1,Penelope Guiness,635
1,Penelope Guiness,635
1,Penelope Guiness,635
1,Penelope Guiness,635
4,Jennifer Davis,635
4,Jennifer Davis,635
4,Jennifer Davis,635
4,Jennifer Davis,635
4,Jennifer Davis,635
12,Karl Berry,635
12,Karl Berry,635
12,Karl Berry,635
12,Karl Berry,635
12,Karl Berry,635
15,Cuba Olivier,635
15,Cuba Olivier,635
15,Cuba Olivier,635
15,Cuba Olivier,635
15,Cuba Olivier,635
26,Rip Crawford,635
26,Rip Crawford,635
26,Rip Crawford,635
26,Rip Crawford,635
26,Rip Crawford,635
1,Penelope Guiness,749
1,Penelope Guiness,832
1,Penelope Guiness,832
1,Penelope Guiness,832
1,Penelope Guiness,832
4,Jennifer Davis,832
4,Jennifer Davis,832
4,Jennifer Davis,832
4,Jennifer Davis,832
13,Uma Wood,832
13,Uma Wood,832
13,Uma Wood,832
13,Uma Wood,832
24,Cameron Streep,832
24,Cameron Streep,832
24,Cameron Streep,832
24,Cameron Streep,832
1,Penelope Guiness,939
1,Penelope Guiness,970
1,Penelope Guiness,970
14,Vivien Bergen,970
14,Vivien Bergen,970
1,Penelope Guiness,980
1,Penelope Guiness,980
1,Penelope Guiness,980
10,Christian Gable,980
10,Christian Gable,980
10,Christian Gable,980
32,Tim Hackman,980
32,Tim Hackman,980
32,Tim Hackman,980
2,Nick Wahlberg,3
2,Nick Wahlberg,3
2,Nick Wahlberg,3
19,Bob Fawcett,3
19,Bob Fawcett,3
19,Bob Fawcett,3
24,Cameron Streep,3
24,Cameron Streep,3
24,Cameron Streep,3
2,Nick Wahlberg,31
2,Nick Wahlberg,31
15,Cuba Olivier,31
15,Cuba Olivier,31
2,Nick Wahlberg,47
2,Nick Wahlberg,47
8,Matthew Johansson,47
8,Matthew Johansson,47
2,Nick Wahlberg,105
2,Nick Wahlberg,105
2,Nick Wahlberg,105
23,Sandra Kilmer,105
23,Sandra Kilmer,105
23,Sandra Kilmer,105
29,Alec Wayne,105
29,Alec Wayne,105
29,Alec Wayne,105
2,Nick Wahlberg,132
2,Nick Wahlberg,145
2,Nick Wahlberg,226
2,Nick Wahlberg,226
2,Nick Wahlberg,226
2,Nick Wahlberg,226
23,Sandra Kilmer,226
23,Sandra Kilmer,226
23,Sandra Kilmer,226
23,Sandra Kilmer,226
25,Kevin Bloom,226
25,Kevin Bloom,226
25,Kevin Bloom,226
25,Kevin Bloom,226
29,Alec Wayne,226
29,Alec Wayne,226
29,Alec Wayne,226
29,Alec Wayne,226
2,Nick Wahlberg,249
2,Nick Wahlberg,314
2,Nick Wahlberg,321
2,Nick Wahlberg,321
2,Nick Wahlberg,321
2,Nick Wahlberg,321
2,Nick Wahlberg,321
8,Matthew Johansson,321
8,Matthew Johansson,321
8,Matthew Johansson,321
8,Matthew Johansson,321
8,Matthew Johansson,321
18,Dan Torn,321
18,Dan Torn,321
18,Dan Torn,321
18,Dan Torn,321
18,Dan Torn,321
21,Kirsten Paltrow,321
21,Kirsten Paltrow,321
21,Kirsten Paltrow,321
21,Kirsten Paltrow,321
21,Kirsten Paltrow,321
30,Sandra Peck,321
30,Sandra Peck,321
30,Sandra Peck,321
30,Sandra Peck,321
30,Sandra Peck,321
2,Nick Wahlberg,357
2,Nick Wahlberg,357
30,Sandra Peck,357
30,Sandra Peck,357
2,Nick Wahlberg,369
2,Nick Wahlberg,369
2,Nick Wahlberg,369
5,Johnny Lollobrigida,369
5,Johnny Lollobrigida,369
5,Johnny Lollobrigida,369
22,Elvis Marx,369
22,Elvis Marx,369
22,Elvis Marx,369
2,Nick Wahlberg,399
2,Nick Wahlberg,458
2,Nick Wahlberg,458
2,Nick Wahlberg,458
8,Matthew Johansson,458
8,Matthew Johansson,458
8,Matthew Johansson,458
38,Tom Mckellen,458
38,Tom Mckellen,458
38,Tom Mckellen,458
2,Nick Wahlberg,481
2,Nick Wahlberg,485
2,Nick Wahlberg,485
2,Nick Wahlberg,485
11,Zero Cage,485
11,Zero Cage,485
11,Zero Cage,485
37,Val Bolger,485
37,Val Bolger,485
37,Val Bolger,485
2,Nick Wahlberg,518
2,Nick Wahlberg,540
2,Nick Wahlberg,540
2,Nick Wahlberg,540
12,Karl Berry,540
12,Karl Berry,540
12,Karl Berry,540
27,Julia Mcqueen,540
27,Julia Mcqueen,540
27,Julia Mcqueen,540
2,Nick Wahlberg,550
2,Nick Wahlberg,555
2,Nick Wahlberg,555
37,Val Bolger,555
37,Val Bolger,555
2,Nick Wahlberg,561
2,Nick Wahlberg,561
18,Dan Torn,561
18,Dan Torn,561
2,Nick Wahlberg,742
2,Nick Wahlberg,742
22,Elvis Marx,742
22,Elvis Marx,742
2,Nick Wahlberg,754
2,Nick Wahlberg,754
33,Milla Peck,754
33,Milla Peck,754
2,Nick Wahlberg,811
2,Nick Wahlberg,811
2,Nick Wahlberg,811
5,Johnny Lollobrigida,811
5,Johnny Lollobrigida,811
5,Johnny Lollobrigida,811
9,Joe Swank,811
9,Joe Swank,811
9,Joe Swank,811
2,Nick Wahlberg,958
3,Ed Chase,17
3,Ed Chase,17
3,Ed Chase,17
12,Karl Berry,17
12,Karl Berry,17
12,Karl Berry,17
13,Uma Wood,17
13,Uma Wood,17
13,Uma Wood,17
3,Ed Chase,40
3,Ed Chase,42
3,Ed Chase,42
23,Sandra Kilmer,42
23,Sandra Kilmer,42
3,Ed Chase,87
3,Ed Chase,87
3,Ed Chase,87
3,Ed Chase,87
3,Ed Chase,87
3,Ed Chase,87
4,Jennifer Davis,87
4,Jennifer Davis,87
4,Jennifer Davis,87
4,Jennifer Davis,87
4,Jennifer Davis,87
4,Jennifer Davis,87
13,Uma Wood,87
13,Uma Wood,87
13,Uma Wood,87
13,Uma Wood,87
13,Uma Wood,87
13,Uma Wood,87
16,Fred Costner,87
16,Fred Costner,87
16,Fred Costner,87
16,Fred Costner,87
16,Fred Costner,87
16,Fred Costner,87
21,Kirsten Paltrow,87
21,Kirsten Paltrow,87
21,Kirsten Paltrow,87
21,Kirsten Paltrow,87
21,Kirsten Paltrow,87
21,Kirsten Paltrow,87
30,Sandra Peck,87
30,Sandra Peck,87
30,Sandra Peck,87
30,Sandra Peck,87
30,Sandra Peck,87
30,Sandra Peck,87
3,Ed Chase,111
3,Ed Chase,111
3,Ed Chase,111
22,Elvis Marx,111
22,Elvis Marx,111
22,Elvis Marx,111
38,Tom Mckellen,111
38,Tom Mckellen,111
38,Tom Mckellen,111
3,Ed Chase,185
3,Ed Chase,289
3,Ed Chase,329
3,Ed Chase,329
26,Rip Crawford,329
26,Rip Crawford,329
3,Ed Chase,336
3,Ed Chase,336
34,Audrey Olivier,336
34,Audrey Olivier,336
3,Ed Chase,341
3,Ed Chase,393
3,Ed Chase,393
34,Audrey Olivier,393
34,Audrey Olivier,393
3,Ed Chase,441
3,Ed Chase,453
3,Ed Chase,453
3,Ed Chase,453
3,Ed Chase,453
11,Zero Cage,453
11,Zero Cage,453
11,Zero Cage,453
11,Zero Cage,453
16,Fred Costner,453
16,Fred Costner,453
16,Fred Costner,453
16,Fred Costner,453
36,Burt Dukakis,453
36,Burt Dukakis,453
36,Burt Dukakis,453
36,Burt Dukakis,453
3,Ed Chase,480
3,Ed Chase,480
10,Christian Gable,480
10,Christian Gable,480
3,Ed Chase,539
3,Ed Chase,618
3,Ed Chase,618
3,Ed Chase,618
3,Ed Chase,618
7,Grace Mostel,618
7,Grace Mostel,618
7,Grace Mostel,618
7,Grace Mostel,618
33,Milla Peck,618
33,Milla Peck,618
33,Milla Peck,618
33,Milla Peck,618
38,Tom Mckellen,618
38,Tom Mckellen,618
38,Tom Mckellen,618
38,Tom Mckellen,618
3,Ed Chase,685
3,Ed Chase,827
3,Ed Chase,827
3,Ed Chase,827
28,Woody Hoffman,827
28,Woody Hoffman,827
28,Woody Hoffman,827
38,Tom Mckellen,827
38,Tom Mckellen,827
38,Tom Mckellen,827
3,Ed Chase,966
3,Ed Chase,966
3,Ed Chase,966
3,Ed Chase,966
10,Christian Gable,966
10,Christian Gable,966
10,Christian Gable,966
10,Christian Gable,966
13,Uma Wood,966
13,Uma Wood,966
13,Uma Wood,966
13,Uma Wood,966
37,Val Bolger,966
37,Val Bolger,966
37,Val Bolger,966
37,Val Bolger,966
3,Ed Chase,967
3,Ed Chase,967
3,Ed Chase,967
16,Fred Costner,967
16,Fred Costner,967
16,Fred Costner,967
27,Julia Mcqueen,967
27,Julia Mcqueen,967
27,Julia Mcqueen,967
3,Ed Chase,971
3,Ed Chase,971
34,Audrey Olivier,971
34,Audrey Olivier,971
3,Ed Chase,996
3,Ed Chase,996
27,Julia Mcqueen,996
27,Julia Mcqueen,996
4,Jennifer Davis,56
4,Jennifer Davis,56
4,Jennifer Davis,56
22,Elvis Marx,56
22,Elvis Marx,56
22,Elvis Marx,56
33,Milla Peck,56
33,Milla Peck,56
33,Milla Peck,56
4,Jennifer Davis,62
4,Jennifer Davis,79
4,Jennifer Davis,79
29,Alec Wayne,79
29,Alec Wayne,79
4,Jennifer Davis,355
4,Jennifer Davis,379
4,Jennifer Davis,398
4,Jennifer Davis,398
4,Jennifer Davis,398
21,Kirsten Paltrow,398
21,Kirsten Paltrow,398
21,Kirsten Paltrow,398
27,Julia Mcqueen,398
27,Julia Mcqueen,398
27,Julia Mcqueen,398
4,Jennifer Davis,463
4,Jennifer Davis,463
4,Jennifer Davis,463
7,Grace Mostel,463
7,Grace Mostel,463
7,Grace Mostel,463
24,Cameron Streep,463
24,Cameron Streep,463
24,Cameron Streep,463
4,Jennifer Davis,490
4,Jennifer Davis,490
19,Bob Fawcett,490
19,Bob Fawcett,490
4,Jennifer Davis,616
4,Jennifer Davis,691
4,Jennifer Davis,691
4,Jennifer Davis,691
7,Grace Mostel,691
7,Grace Mostel,691
7,Grace Mostel,691
23,Sandra Kilmer,691
23,Sandra Kilmer,691
23,Sandra Kilmer,691
4,Jennifer Davis,712
4,Jennifer Davis,712
33,Milla Peck,712
33,Milla Peck,712
4,Jennifer Davis,714
4,Jennifer Davis,714
4,Jennifer Davis,714
20,Lucille Tracy,714
20,Lucille Tracy,714
20,Lucille Tracy,714
36,Burt Dukakis,714
36,Burt Dukakis,714
36,Burt Dukakis,714
4,Jennifer Davis,721
4,Jennifer Davis,798
4,Jennifer Davis,798
21,Kirsten Paltrow,798
21,Kirsten Paltrow,798
4,Jennifer Davis,858
4,Jennifer Davis,909
4,Jennifer Davis,924
4,Jennifer Davis,924
15,Cuba Olivier,924
15,Cuba Olivier,924
5,Johnny Lollobrigida,19
5,Johnny Lollobrigida,19
5,Johnny Lollobrigida,19
27,Julia Mcqueen,19
27,Julia Mcqueen,19
27,Julia Mcqueen,19
37,Val Bolger,19
37,Val Bolger,19
37,Val Bolger,19
5,Johnny Lollobrigida,54
5,Johnny Lollobrigida,54
20,Lucille Tracy,54
20,Lucille Tracy,54
5,Johnny Lollobrigida,85
5,Johnny Lollobrigida,85
27,Julia Mcqueen,85
27,Julia Mcqueen,85
5,Johnny Lollobrigida,146
5,Johnny Lollobrigida,146
5,Johnny Lollobrigida,146
5,Johnny Lollobrigida,146
5,Johnny Lollobrigida,146
20,Lucille Tracy,146
20,Lucille Tracy,146
20,Lucille Tracy,146
20,Lucille Tracy,146
20,Lucille Tracy,146
22,Elvis Marx,146
22,Elvis Marx,146
22,Elvis Marx,146
22,Elvis Marx,146
22,Elvis Marx,146
31,Sissy Sobieski,146
31,Sissy Sobieski,146
31,Sissy Sobieski,146
31,Sissy Sobieski,146
31,Sissy Sobieski,146
37,Val Bolger,146
37,Val Bolger,146
37,Val Bolger,146
37,Val Bolger,146
37,Val Bolger,146
5,Johnny Lollobrigida,171
5,Johnny Lollobrigida,171
36,Burt Dukakis,171
36,Burt Dukakis,171
5,Johnny Lollobrigida,172
5,Johnny Lollobrigida,172
5,Johnny Lollobrigida,172
5,Johnny Lollobrigida,172
5,Johnny Lollobrigida,172
18,Dan Torn,172
18,Dan Torn,172
18,Dan Torn,172
18,Dan Torn,172
18,Dan Torn,172
27,Julia Mcqueen,172
27,Julia Mcqueen,172
27,Julia Mcqueen,172
27,Julia Mcqueen,172
27,Julia Mcqueen,172
29,Alec Wayne,172
29,Alec Wayne,172
29,Alec Wayne,172
29,Alec Wayne,172
29,Alec Wayne,172
34,Audrey Olivier,172
34,Audrey Olivier,172
34,Audrey Olivier,172
34,Audrey Olivier,172
34,Audrey Olivier,172
5,Johnny Lollobrigida,202
5,Johnny Lollobrigida,203
5,Johnny Lollobrigida,203
5,Johnny Lollobrigida,203
13,Uma Wood,203
13,Uma Wood,203
13,Uma Wood,203
39,Goldie Brody,203
39,Goldie Brody,203
39,Goldie Brody,203
5,Johnny Lollobrigida,286
5,Johnny Lollobrigida,286
30,Sandra Peck,286
30,Sandra Peck,286
5,Johnny Lollobrigida,288
5,Johnny Lollobrigida,316
5,Johnny Lollobrigida,340
5,Johnny Lollobrigida,340
26,Rip Crawford,340
26,Rip Crawford,340
5,Johnny Lollobrigida,375
5,Johnny Lollobrigida,383
5,Johnny Lollobrigida,392
5,Johnny Lollobrigida,392
26,Rip Crawford,392
26,Rip Crawford,392
5,Johnny Lollobrigida,411
5,Johnny Lollobrigida,411
25,Kevin Bloom,411
25,Kevin Bloom,411
5,Johnny Lollobrigida,503
5,Johnny Lollobrigida,503
5,Johnny Lollobrigida,503
5,Johnny Lollobrigida,503
6,Bette Nicholson,503
6,Bette Nicholson,503
6,Bette Nicholson,503
6,Bette Nicholson,503
16,Fred Costner,503
16,Fred Costner,503
16,Fred Costner,503
16,Fred Costner,503
27,Julia Mcqueen,503
27,Julia Mcqueen,503
27,Julia Mcqueen,503
27,Julia Mcqueen,503
5,Johnny Lollobrigida,535
5,Johnny Lollobrigida,571
5,Johnny Lollobrigida,571
13,Uma Wood,571
13,Uma Wood,571
5,Johnny Lollobrigida,650
5,Johnny Lollobrigida,650
9,Joe Swank,650
9,Joe Swank,650
5,Johnny Lollobrigida,665
5,Johnny Lollobrigida,687
5,Johnny Lollobrigida,730
5,Johnny Lollobrigida,732
5,Johnny Lollobrigida,732
5,Johnny Lollobrigida,732
5,Johnny Lollobrigida,732
26,Rip Crawford,732
26,Rip Crawford,732
26,Rip Crawford,732
26,Rip Crawford,732
30,Sandra Peck,732
30,Sandra Peck,732
30,Sandra Peck,732
30,Sandra Peck,732
35,Judy Dean,732
35,Judy Dean,732
35,Judy Dean,732
35,Judy Dean,732
5,Johnny Lollobrigida,817
5,Johnny Lollobrigida,817
5,Johnny Lollobrigida,817
5,Johnny Lollobrigida,817
13,Uma Wood,817
13,Uma Wood,817
13,Uma Wood,817
13,Uma Wood,817
15,Cuba Olivier,817
15,Cuba Olivier,817
15,Cuba Olivier,817
15,Cuba Olivier,817
35,Judy Dean,817
35,Judy Dean,817
35,Judy Dean,817
35,Judy Dean,817
5,Johnny Lollobrigida,841
5,Johnny Lollobrigida,865
5,Johnny Lollobrigida,865
9,Joe Swank,865
9,Joe Swank,865
6,Bette Nicholson,29
6,Bette Nicholson,29
13,Uma Wood,29
13,Uma Wood,29
6,Bette Nicholson,53
6,Bette Nicholson,53
30,Sandra Peck,53
30,Sandra Peck,53
6,Bette Nicholson,60
6,Bette Nicholson,70
6,Bette Nicholson,112
6,Bette Nicholson,112
6,Bette Nicholson,112
6,Bette Nicholson,112
24,Cameron Streep,112
24,Cameron Streep,112
24,Cameron Streep,112
24,Cameron Streep,112
32,Tim Hackman,112
32,Tim Hackman,112
32,Tim Hackman,112
32,Tim Hackman,112
33,Milla Peck,112
33,Milla Peck,112
33,Milla Peck,112
33,Milla Peck,112
6,Bette Nicholson,164
6,Bette Nicholson,164
6,Bette Nicholson,164
24,Cameron Streep,164
24,Cameron Streep,164
24,Cameron Streep,164
31,Sissy Sobieski,164
31,Sissy Sobieski,164
31,Sissy Sobieski,164
6,Bette Nicholson,165
6,Bette Nicholson,165
20,Lucille Tracy,165
20,Lucille Tracy,165
6,Bette Nicholson,193
6,Bette Nicholson,256
6,Bette Nicholson,256
6,Bette Nicholson,256
24,Cameron Streep,256
24,Cameron Streep,256
24,Cameron Streep,256
35,Judy Dean,256
35,Judy Dean,256
35,Judy Dean,256
6,Bette Nicholson,451
6,Bette Nicholson,517
6,Bette Nicholson,519
6,Bette Nicholson,519
29,Alec Wayne,519
29,Alec Wayne,519
6,Bette Nicholson,692
6,Bette Nicholson,826
6,Bette Nicholson,826
23,Sandra Kilmer,826
23,Sandra Kilmer,826
6,Bette Nicholson,892
6,Bette Nicholson,902
6,Bette Nicholson,994
6,Bette Nicholson,994
28,Woody Hoffman,994
28,Woody Hoffman,994
7,Grace Mostel,27
7,Grace Mostel,35
7,Grace Mostel,35
35,Judy Dean,35
35,Judy Dean,35
7,Grace Mostel,67
7,Grace Mostel,96
7,Grace Mostel,96
7,Grace Mostel,96
17,Helen Voight,96
17,Helen Voight,96
17,Helen Voight,96
28,Woody Hoffman,96
28,Woody Hoffman,96
28,Woody Hoffman,96
7,Grace Mostel,170
7,Grace Mostel,173
7,Grace Mostel,217
7,Grace Mostel,217
19,Bob Fawcett,217
19,Bob Fawcett,217
7,Grace Mostel,218
7,Grace Mostel,218
16,Fred Costner,218
16,Fred Costner,218
7,Grace Mostel,225
7,Grace Mostel,225
26,Rip Crawford,225
26,Rip Crawford,225
7,Grace Mostel,292
7,Grace Mostel,292
7,Grace Mostel,292
14,Vivien Bergen,292
14,Vivien Bergen,292
14,Vivien Bergen,292
30,Sandra Peck,292
30,Sandra Peck,292
30,Sandra Peck,292
7,Grace Mostel,351
7,Grace Mostel,414
7,Grace Mostel,414
7,Grace Mostel,414
15,Cuba Olivier,414
15,Cuba Olivier,414
15,Cuba Olivier,414
23,Sandra Kilmer,414
23,Sandra Kilmer,414
23,Sandra Kilmer,414
7,Grace Mostel,554
7,Grace Mostel,554
8,Matthew Johansson,554
8,Matthew Johansson,554
7,Grace Mostel,633
7,Grace Mostel,637
7,Grace Mostel,637
7,Grace Mostel,637
27,Julia Mcqueen,637
27,Julia Mcqueen,637
27,Julia Mcqueen,637
31,Sissy Sobieski,637
31,Sissy Sobieski,637
31,Sissy Sobieski,637
7,Grace Mostel,758
7,Grace Mostel,758
7,Grace Mostel,758
16,Fred Costner,758
16,Fred Costner,758
16,Fred Costner,758
26,Rip Crawford,758
26,Rip Crawford,758
26,Rip Crawford,758
7,Grace Mostel,766
7,Grace Mostel,766
23,Sandra Kilmer,766
23,Sandra Kilmer,766
7,Grace Mostel,770
7,Grace Mostel,770
17,Helen Voight,770
17,Helen Voight,770
7,Grace Mostel,805
7,Grace Mostel,805
27,Julia Mcqueen,805
27,Julia Mcqueen,805
7,Grace Mostel,806
7,Grace Mostel,846
7,Grace Mostel,846
34,Audrey Olivier,846
34,Audrey Olivier,846
7,Grace Mostel,900
7,Grace Mostel,900
37,Val Bolger,900
37,Val Bolger,900
7,Grace Mostel,901
7,Grace Mostel,910
7,Grace Mostel,957
7,Grace Mostel,957
17,Helen Voight,957
17,Helen Voight,957
7,Grace Mostel,959
7,Grace Mostel,959
17,Helen Voight,959
17,Helen Voight,959
8,Matthew Johansson,115
8,Matthew Johansson,158
8,Matthew Johansson,179
8,Matthew Johansson,179
8,Matthew Johansson,179
21,Kirsten Paltrow,179
21,Kirsten Paltrow,179
21,Kirsten Paltrow,179
25,Kevin Bloom,179
25,Kevin Bloom,179
25,Kevin Bloom,179
8,Matthew Johansson,195
8,Matthew Johansson,205
8,Matthew Johansson,205
11,Zero Cage,205
11,Zero Cage,205
8,Matthew Johansson,255
8,Matthew Johansson,255
14,Vivien Bergen,255
14,Vivien Bergen,255
8,Matthew Johansson,263
8,Matthew Johansson,263
28,Woody Hoffman,263
28,Woody Hoffman,263
8,Matthew Johansson,396
8,Matthew Johansson,523
8,Matthew Johansson,523
32,Tim Hackman,523
32,Tim Hackman,523
8,Matthew Johansson,532
8,Matthew Johansson,532
8,Matthew Johansson,532
11,Zero Cage,532
11,Zero Cage,532
11,Zero Cage,532
28,Woody Hoffman,532
28,Woody Hoffman,532
28,Woody Hoffman,532
8,Matthew Johansson,752
8,Matthew Johansson,752
8,Matthew Johansson,752
9,Joe Swank,752
9,Joe Swank,752
9,Joe Swank,752
19,Bob Fawcett,752
19,Bob Fawcett,752
19,Bob Fawcett,752
8,Matthew Johansson,769
8,Matthew Johansson,771
8,Matthew Johansson,771
8,Matthew Johansson,771
19,Bob Fawcett,771
19,Bob Fawcett,771
19,Bob Fawcett,771
27,Julia Mcqueen,771
27,Julia Mcqueen,771
27,Julia Mcqueen,771
8,Matthew Johansson,859
8,Matthew Johansson,895
8,Matthew Johansson,936
9,Joe Swank,30
9,Joe Swank,74
9,Joe Swank,74
28,Woody Hoffman,74
28,Woody Hoffman,74
9,Joe Swank,147
9,Joe Swank,147
26,Rip Crawford,147
26,Rip Crawford,147
9,Joe Swank,148
9,Joe Swank,148
24,Cameron Streep,148
24,Cameron Streep,148
9,Joe Swank,191
9,Joe Swank,191
10,Christian Gable,191
10,Christian Gable,191
9,Joe Swank,200
9,Joe Swank,204
9,Joe Swank,204
9,Joe Swank,204
25,Kevin Bloom,204
25,Kevin Bloom,204
25,Kevin Bloom,204
37,Val Bolger,204
37,Val Bolger,204
37,Val Bolger,204
9,Joe Swank,434
9,Joe Swank,510
9,Joe Swank,510
19,Bob Fawcett,510
19,Bob Fawcett,510
9,Joe Swank,514
9,Joe Swank,552
9,Joe Swank,671
9,Joe Swank,697
9,Joe Swank,697
9,Joe Swank,697
25,Kevin Bloom,697
25,Kevin Bloom,697
25,Kevin Bloom,697
37,Val Bolger,697
37,Val Bolger,697
37,Val Bolger,697
9,Joe Swank,722
9,Joe Swank,815
9,Joe Swank,815
32,Tim Hackman,815
32,Tim Hackman,815
9,Joe Swank,873
9,Joe Swank,873
9,Joe Swank,873
17,Helen Voight,873
17,Helen Voight,873
17,Helen Voight,873
27,Julia Mcqueen,873
27,Julia Mcqueen,873
27,Julia Mcqueen,873
9,Joe Swank,889
9,Joe Swank,889
27,Julia Mcqueen,889
27,Julia Mcqueen,889
9,Joe Swank,903
9,Joe Swank,926
9,Joe Swank,964
9,Joe Swank,964
9,Joe Swank,964
10,Christian Gable,964
10,Christian Gable,964
10,Christian Gable,964
22,Elvis Marx,964
22,Elvis Marx,964
22,Elvis Marx,964
9,Joe Swank,974
10,Christian Gable,9
10,Christian Gable,9
10,Christian Gable,9
22,Elvis Marx,9
22,Elvis Marx,9
22,Elvis Marx,9
26,Rip Crawford,9
26,Rip Crawford,9
26,Rip Crawford,9
10,Christian Gable,236
10,Christian Gable,236
10,Christian Gable,236
15,Cuba Olivier,236
15,Cuba Olivier,236
15,Cuba Olivier,236
17,Helen Voight,236
17,Helen Voight,236
17,Helen Voight,236
10,Christian Gable,251
10,Christian Gable,366
10,Christian Gable,366
20,Lucille Tracy,366
20,Lucille Tracy,366
10,Christian Gable,477
10,Christian Gable,477
10,Christian Gable,477
27,Julia Mcqueen,477
27,Julia Mcqueen,477
27,Julia Mcqueen,477
37,Val Bolger,477
37,Val Bolger,477
37,Val Bolger,477
10,Christian Gable,522
10,Christian Gable,522
13,Uma Wood,522
13,Uma Wood,522
10,Christian Gable,530
10,Christian Gable,530
21,Kirsten Paltrow,530
21,Kirsten Paltrow,530
10,Christian Gable,587
10,Christian Gable,587
11,Zero Cage,587
11,Zero Cage,587
10,Christian Gable,694
10,Christian Gable,694
10,Christian Gable,694
33,Milla Peck,694
33,Milla Peck,694
33,Milla Peck,694
37,Val Bolger,694
37,Val Bolger,694
37,Val Bolger,694
10,Christian Gable,703
10,Christian Gable,716
10,Christian Gable,716
10,Christian Gable,716
12,Karl Berry,716
12,Karl Berry,716
12,Karl Berry,716
36,Burt Dukakis,716
36,Burt Dukakis,716
36,Burt Dukakis,716
10,Christian Gable,782
10,Christian Gable,782
23,Sandra Kilmer,782
23,Sandra Kilmer,782
10,Christian Gable,914
10,Christian Gable,914
10,Christian Gable,914
25,Kevin Bloom,914
25,Kevin Bloom,914
25,Kevin Bloom,914
35,Judy Dean,914
35,Judy Dean,914
35,Judy Dean,914
10,Christian Gable,929
10,Christian Gable,929
34,Audrey Olivier,929
34,Audrey Olivier,929
10,Christian Gable,930
10,Christian Gable,983
10,Christian Gable,983
21,Kirsten Paltrow,983
21,Kirsten Paltrow,983
11,Zero Cage,118
11,Zero Cage,118
37,Val Bolger,118
37,Val Bolger,118
11,Zero Cage,281
11,Zero Cage,281
21,Kirsten Paltrow,281
21,Kirsten Paltrow,281
11,Zero Cage,283
11,Zero Cage,283
36,Burt Dukakis,283
36,Burt Dukakis,283
11,Zero Cage,348
11,Zero Cage,348
20,Lucille Tracy,348
20,Lucille Tracy,348
11,Zero Cage,364
11,Zero Cage,395
11,Zero Cage,429
11,Zero Cage,429
21,Kirsten Paltrow,429
21,Kirsten Paltrow,429
11,Zero Cage,433
11,Zero Cage,567
11,Zero Cage,567
32,Tim Hackman,567
32,Tim Hackman,567
11,Zero Cage,597
11,Zero Cage,597
11,Zero Cage,597
13,Uma Wood,597
13,Uma Wood,597
13,Uma Wood,597
28,Woody Hoffman,597
28,Woody Hoffman,597
28,Woody Hoffman,597
11,Zero Cage,636
11,Zero Cage,636
23,Sandra Kilmer,636
23,Sandra Kilmer,636
11,Zero Cage,709
11,Zero Cage,850
11,Zero Cage,854
11,Zero Cage,854
27,Julia Mcqueen,854
27,Julia Mcqueen,854
11,Zero Cage,888
11,Zero Cage,896
11,Zero Cage,928
11,Zero Cage,928
11,Zero Cage,928
29,Alec Wayne,928
29,Alec Wayne,928
29,Alec Wayne,928
32,Tim Hackman,928
32,Tim Hackman,928
32,Tim Hackman,928
11,Zero Cage,938
11,Zero Cage,969
11,Zero Cage,969
24,Cameron Streep,969
24,Cameron Streep,969
11,Zero Cage,988
12,Karl Berry,16
12,Karl Berry,34
12,Karl Berry,34
12,Karl Berry,34
26,Rip Crawford,34
26,Rip Crawford,34
26,Rip Crawford,34
27,Julia Mcqueen,34
27,Julia Mcqueen,34
27,Julia Mcqueen,34
12,Karl Berry,37
12,Karl Berry,91
12,Karl Berry,91
15,Cuba Olivier,91
15,Cuba Olivier,91
12,Karl Berry,92
12,Karl Berry,107
12,Karl Berry,107
28,Woody Hoffman,107
28,Woody Hoffman,107
12,Karl Berry,155
12,Karl Berry,155
16,Fred Costner,155
16,Fred Costner,155
12,Karl Berry,177
12,Karl Berry,177
16,Fred Costner,177
16,Fred Costner,177
12,Karl Berry,208
12,Karl Berry,208
19,Bob Fawcett,208
19,Bob Fawcett,208
12,Karl Berry,213
12,Karl Berry,213
25,Kevin Bloom,213
25,Kevin Bloom,213
12,Karl Berry,216
12,Karl Berry,243
12,Karl Berry,243
20,Lucille Tracy,243
20,Lucille Tracy,243
12,Karl Berry,344
12,Karl Berry,400
12,Karl Berry,416
12,Karl Berry,420
12,Karl Berry,420
25,Kevin Bloom,420
25,Kevin Bloom,420
12,Karl Berry,457
12,Karl Berry,457
17,Helen Voight,457
17,Helen Voight,457
12,Karl Berry,513
12,Karl Berry,513
12,Karl Berry,513
13,Uma Wood,513
13,Uma Wood,513
13,Uma Wood,513
19,Bob Fawcett,513
19,Bob Fawcett,513
19,Bob Fawcett,513
12,Karl Berry,593
12,Karl Berry,593
27,Julia Mcqueen,593
27,Julia Mcqueen,593
12,Karl Berry,631
12,Karl Berry,672
12,Karl Berry,728
12,Karl Berry,812
12,Karl Berry,812
29,Alec Wayne,812
29,Alec Wayne,812
12,Karl Berry,838
12,Karl Berry,838
30,Sandra Peck,838
30,Sandra Peck,838
12,Karl Berry,871
12,Karl Berry,871
25,Kevin Bloom,871
25,Kevin Bloom,871
12,Karl Berry,880
12,Karl Berry,880
12,Karl Berry,880
12,Karl Berry,880
17,Helen Voight,880
17,Helen Voight,880
17,Helen Voight,880
17,Helen Voight,880
27,Julia Mcqueen,880
27,Julia Mcqueen,880
27,Julia Mcqueen,880
27,Julia Mcqueen,880
31,Sissy Sobieski,880
31,Sissy Sobieski,880
31,Sissy Sobieski,880
31,Sissy Sobieski,880
12,Karl Berry,945
12,Karl Berry,945
30,Sandra Peck,945
30,Sandra Peck,945
13,Uma Wood,45
13,Uma Wood,110
13,Uma Wood,110
29,Alec Wayne,110
29,Alec Wayne,110
13,Uma Wood,144
13,Uma Wood,144
13,Uma Wood,144
18,Dan Torn,144
18,Dan Torn,144
18,Dan Torn,144
19,Bob Fawcett,144
19,Bob Fawcett,144
19,Bob Fawcett,144
13,Uma Wood,154
13,Uma Wood,154
13,Uma Wood,154
13,Uma Wood,154
14,Vivien Bergen,154
14,Vivien Bergen,154
14,Vivien Bergen,154
14,Vivien Bergen,154
17,Helen Voight,154
17,Helen Voight,154
17,Helen Voight,154
17,Helen Voight,154
33,Milla Peck,154
33,Milla Peck,154
33,Milla Peck,154
33,Milla Peck,154
13,Uma Wood,162
13,Uma Wood,254
13,Uma Wood,254
23,Sandra Kilmer,254
23,Sandra Kilmer,254
13,Uma Wood,337
13,Uma Wood,346
13,Uma Wood,381
13,Uma Wood,381
36,Burt Dukakis,381
36,Burt Dukakis,381
13,Uma Wood,385
13,Uma Wood,427
13,Uma Wood,427
13,Uma Wood,427
32,Tim Hackman,427
32,Tim Hackman,427
32,Tim Hackman,427
36,Burt Dukakis,427
36,Burt Dukakis,427
36,Burt Dukakis,427
13,Uma Wood,456
13,Uma Wood,456
16,Fred Costner,456
16,Fred Costner,456
13,Uma Wood,515
13,Uma Wood,515
13,Uma Wood,515
17,Helen Voight,515
17,Helen Voight,515
17,Helen Voight,515
24,Cameron Streep,515
24,Cameron Streep,515
24,Cameron Streep,515
13,Uma Wood,524
13,Uma Wood,528
13,Uma Wood,588
13,Uma Wood,588
37,Val Bolger,588
37,Val Bolger,588
13,Uma Wood,600
13,Uma Wood,600
13,Uma Wood,600
22,Elvis Marx,600
22,Elvis Marx,600
22,Elvis Marx,600
36,Burt Dukakis,600
36,Burt Dukakis,600
36,Burt Dukakis,600
13,Uma Wood,718
13,Uma Wood,729
13,Uma Wood,816
13,Uma Wood,816
28,Woody Hoffman,816
28,Woody Hoffman,816
13,Uma Wood,833
13,Uma Wood,833
23,Sandra Kilmer,833
23,Sandra Kilmer,833
13,Uma Wood,843
13,Uma Wood,897
13,Uma Wood,998
14,Vivien Bergen,187
14,Vivien Bergen,232
14,Vivien Bergen,241
14,Vivien Bergen,241
14,Vivien Bergen,241
26,Rip Crawford,241
26,Rip Crawford,241
26,Rip Crawford,241
38,Tom Mckellen,241
38,Tom Mckellen,241
38,Tom Mckellen,241
14,Vivien Bergen,253
14,Vivien Bergen,253
14,Vivien Bergen,253
21,Kirsten Paltrow,253
21,Kirsten Paltrow,253
21,Kirsten Paltrow,253
37,Val Bolger,253
37,Val Bolger,253
37,Val Bolger,253
14,Vivien Bergen,258
14,Vivien Bergen,284
14,Vivien Bergen,370
14,Vivien Bergen,370
23,Sandra Kilmer,370
23,Sandra Kilmer,370
14,Vivien Bergen,415
14,Vivien Bergen,415
27,Julia Mcqueen,415
27,Julia Mcqueen,415
14,Vivien Bergen,417
14,Vivien Bergen,418
14,Vivien Bergen,418
22,Elvis Marx,418
22,Elvis Marx,418
14,Vivien Bergen,454
14,Vivien Bergen,472
14,Vivien Bergen,475
14,Vivien Bergen,495
14,Vivien Bergen,495
22,Elvis Marx,495
22,Elvis Marx,495
14,Vivien Bergen,536
14,Vivien Bergen,536
14,Vivien Bergen,536
14,Vivien Bergen,536
18,Dan Torn,536
18,Dan Torn,536
18,Dan Torn,536
18,Dan Torn,536
22,Elvis Marx,536
22,Elvis Marx,536
22,Elvis Marx,536
22,Elvis Marx,536
23,Sandra Kilmer,536
23,Sandra Kilmer,536
23,Sandra Kilmer,536
23,Sandra Kilmer,536
14,Vivien Bergen,537
14,Vivien Bergen,612
14,Vivien Bergen,612
14,Vivien Bergen,612
18,Dan Torn,612
18,Dan Torn,612
18,Dan Torn,612
35,Judy Dean,612
35,Judy Dean,612
35,Judy Dean,612
14,Vivien Bergen,688
14,Vivien Bergen,688
14,Vivien Bergen,688
14,Vivien Bergen,688
22,Elvis Marx,688
22,Elvis Marx,688
22,Elvis Marx,688
22,Elvis Marx,688
25,Kevin Bloom,688
25,Kevin Bloom,688
25,Kevin Bloom,688
25,Kevin Bloom,688
26,Rip Crawford,688
26,Rip Crawford,688
26,Rip Crawford,688
26,Rip Crawford,688
14,Vivien Bergen,759
14,Vivien Bergen,764
14,Vivien Bergen,764
26,Rip Crawford,764
26,Rip Crawford,764
14,Vivien Bergen,847
14,Vivien Bergen,856
14,Vivien Bergen,856
23,Sandra Kilmer,856
23,Sandra Kilmer,856
14,Vivien Bergen,890
14,Vivien Bergen,908
14,Vivien Bergen,908
28,Woody Hoffman,908
28,Woody Hoffman,908
14,Vivien Bergen,919
14,Vivien Bergen,948
14,Vivien Bergen,948
17,Helen Voight,948
17,Helen Voight,948
15,Cuba Olivier,89
15,Cuba Olivier,89
22,Elvis Marx,89
22,Elvis Marx,89
15,Cuba Olivier,108
15,Cuba Olivier,125
15,Cuba Olivier,125
15,Cuba Olivier,125
23,Sandra Kilmer,125
23,Sandra Kilmer,125
23,Sandra Kilmer,125
34,Audrey Olivier,125
34,Audrey Olivier,125
34,Audrey Olivier,125
15,Cuba Olivier,275
15,Cuba Olivier,280
15,Cuba Olivier,280
15,Cuba Olivier,280
15,Cuba Olivier,280
16,Fred Costner,280
16,Fred Costner,280
16,Fred Costner,280
16,Fred Costner,280
17,Helen Voight,280
17,Helen Voight,280
17,Helen Voight,280
17,Helen Voight,280
18,Dan Torn,280
18,Dan Torn,280
18,Dan Torn,280
18,Dan Torn,280
15,Cuba Olivier,326
15,Cuba Olivier,342
15,Cuba Olivier,342
29,Alec Wayne,342
29,Alec Wayne,342
15,Cuba Olivier,445
15,Cuba Olivier,445
20,Lucille Tracy,445
20,Lucille Tracy,445
15,Cuba Olivier,500
15,Cuba Olivier,500
15,Cuba Olivier,500
17,Helen Voight,500
17,Helen Voight,500
17,Helen Voight,500
27,Julia Mcqueen,500
27,Julia Mcqueen,500
27,Julia Mcqueen,500
15,Cuba Olivier,502
15,Cuba Olivier,502
15,Cuba Olivier,502
28,Woody Hoffman,502
28,Woody Hoffman,502
28,Woody Hoffman,502
34,Audrey Olivier,502
34,Audrey Olivier,502
34,Audrey Olivier,502
15,Cuba Olivier,541
15,Cuba Olivier,553
15,Cuba Olivier,553
37,Val Bolger,553
37,Val Bolger,553
15,Cuba Olivier,594
15,Cuba Olivier,626
15,Cuba Olivier,745
15,Cuba Olivier,783
15,Cuba Olivier,795
15,Cuba Olivier,795
26,Rip Crawford,795
26,Rip Crawford,795
15,Cuba Olivier,886
15,Cuba Olivier,886
16,Fred Costner,886
16,Fred Costner,886
15,Cuba Olivier,949
15,Cuba Olivier,968
15,Cuba Olivier,985
16,Fred Costner,80
16,Fred Costner,101
16,Fred Costner,121
16,Fred Costner,221
16,Fred Costner,267
16,Fred Costner,269
16,Fred Costner,269
20,Lucille Tracy,269
20,Lucille Tracy,269
16,Fred Costner,271
16,Fred Costner,287
16,Fred Costner,287
28,Woody Hoffman,287
28,Woody Hoffman,287
16,Fred Costner,345
16,Fred Costner,345
26,Rip Crawford,345
26,Rip Crawford,345
16,Fred Costner,455
16,Fred Costner,548
16,Fred Costner,582
16,Fred Costner,583
16,Fred Costner,583
16,Fred Costner,583
25,Kevin Bloom,583
25,Kevin Bloom,583
25,Kevin Bloom,583
38,Tom Mckellen,583
38,Tom Mckellen,583
38,Tom Mckellen,583
16,Fred Costner,717
16,Fred Costner,717
16,Fred Costner,717
18,Dan Torn,717
18,Dan Torn,717
18,Dan Torn,717
20,Lucille Tracy,717
20,Lucille Tracy,717
20,Lucille Tracy,717
16,Fred Costner,779
16,Fred Costner,779
34,Audrey Olivier,779
34,Audrey Olivier,779
17,Helen Voight,119
17,Helen Voight,119
17,Helen Voight,119
34,Audrey Olivier,119
34,Audrey Olivier,119
34,Audrey Olivier,119
37,Val Bolger,119
37,Val Bolger,119
37,Val Bolger,119
17,Helen Voight,124
17,Helen Voight,127
17,Helen Voight,199
17,Helen Voight,199
17,Helen Voight,199
24,Cameron Streep,199
24,Cameron Streep,199
24,Cameron Streep,199
32,Tim Hackman,199
32,Tim Hackman,199
32,Tim Hackman,199
17,Helen Voight,201
17,Helen Voight,201
17,Helen Voight,201
26,Rip Crawford,201
26,Rip Crawford,201
26,Rip Crawford,201
35,Judy Dean,201
35,Judy Dean,201
35,Judy Dean,201
17,Helen Voight,310
17,Helen Voight,313
17,Helen Voight,378
17,Helen Voight,469
17,Helen Voight,478
17,Helen Voight,478
20,Lucille Tracy,478
20,Lucille Tracy,478
17,Helen Voight,521
17,Helen Voight,573
17,Helen Voight,603
17,Helen Voight,603
24,Cameron Streep,603
24,Cameron Streep,603
17,Helen Voight,606
17,Helen Voight,606
17,Helen Voight,606
25,Kevin Bloom,606
25,Kevin Bloom,606
25,Kevin Bloom,606
32,Tim Hackman,606
32,Tim Hackman,606
32,Tim Hackman,606
17,Helen Voight,734
17,Helen Voight,734
21,Kirsten Paltrow,734
21,Kirsten Paltrow,734
17,Helen Voight,794
17,Helen Voight,794
34,Audrey Olivier,794
34,Audrey Olivier,794
17,Helen Voight,800
17,Helen Voight,853
17,Helen Voight,853
17,Helen Voight,853
17,Helen Voight,853
17,Helen Voight,853
23,Sandra Kilmer,853
23,Sandra Kilmer,853
23,Sandra Kilmer,853
23,Sandra Kilmer,853
23,Sandra Kilmer,853
34,Audrey Olivier,853
34,Audrey Olivier,853
34,Audrey Olivier,853
34,Audrey Olivier,853
34,Audrey Olivier,853
37,Val Bolger,853
37,Val Bolger,853
37,Val Bolger,853
37,Val Bolger,853
37,Val Bolger,853
38,Tom Mckellen,853
38,Tom Mckellen,853
38,Tom Mckellen,853
38,Tom Mckellen,853
38,Tom Mckellen,853
17,Helen Voight,874
18,Dan Torn,44
18,Dan Torn,84
18,Dan Torn,84
32,Tim Hackman,84
32,Tim Hackman,84
18,Dan Torn,268
18,Dan Torn,279
18,Dan Torn,386
18,Dan Torn,460
18,Dan Torn,462
18,Dan Torn,462
18,Dan Torn,462
27,Julia Mcqueen,462
27,Julia Mcqueen,462
27,Julia Mcqueen,462
29,Alec Wayne,462
29,Alec Wayne,462
29,Alec Wayne,462
18,Dan Torn,484
18,Dan Torn,484
36,Burt Dukakis,484
36,Burt Dukakis,484
18,Dan Torn,808
18,Dan Torn,842
18,Dan Torn,842
23,Sandra Kilmer,842
23,Sandra Kilmer,842
18,Dan Torn,863
18,Dan Torn,863
20,Lucille Tracy,863
20,Lucille Tracy,863
18,Dan Torn,883
18,Dan Torn,917
18,Dan Torn,944
18,Dan Torn,944
29,Alec Wayne,944
29,Alec Wayne,944
19,Bob Fawcett,2
19,Bob Fawcett,152
19,Bob Fawcett,182
19,Bob Fawcett,182
34,Audrey Olivier,182
34,Audrey Olivier,182
19,Bob Fawcett,212
19,Bob Fawcett,212
23,Sandra Kilmer,212
23,Sandra Kilmer,212
19,Bob Fawcett,266
19,Bob Fawcett,404
19,Bob Fawcett,404
25,Kevin Bloom,404
25,Kevin Bloom,404
19,Bob Fawcett,428
19,Bob Fawcett,473
19,Bob Fawcett,473
33,Milla Peck,473
33,Milla Peck,473
19,Bob Fawcett,644
19,Bob Fawcett,644
26,Rip Crawford,644
26,Rip Crawford,644
19,Bob Fawcett,670
19,Bob Fawcett,673
19,Bob Fawcett,673
23,Sandra Kilmer,673
23,Sandra Kilmer,673
19,Bob Fawcett,711
19,Bob Fawcett,750
19,Bob Fawcett,756
19,Bob Fawcett,785
19,Bob Fawcett,785
37,Val Bolger,785
37,Val Bolger,785
19,Bob Fawcett,877
20,Lucille Tracy,63
20,Lucille Tracy,231
20,Lucille Tracy,231
36,Burt Dukakis,231
36,Burt Dukakis,231
20,Lucille Tracy,274
20,Lucille Tracy,274
38,Tom Mckellen,274
38,Tom Mckellen,274
20,Lucille Tracy,492
20,Lucille Tracy,527
20,Lucille Tracy,531
20,Lucille Tracy,538
20,Lucille Tracy,538
25,Kevin Bloom,538
25,Kevin Bloom,538
20,Lucille Tracy,589
20,Lucille Tracy,589
35,Judy Dean,589
35,Judy Dean,589
20,Lucille Tracy,643
20,Lucille Tracy,652
20,Lucille Tracy,652
28,Woody Hoffman,652
28,Woody Hoffman,652
20,Lucille Tracy,663
20,Lucille Tracy,663
37,Val Bolger,663
37,Val Bolger,663
20,Lucille Tracy,757
20,Lucille Tracy,784
20,Lucille Tracy,962
20,Lucille Tracy,977
21,Kirsten Paltrow,6
21,Kirsten Paltrow,6
23,Sandra Kilmer,6
23,Sandra Kilmer,6
21,Kirsten Paltrow,88
21,Kirsten Paltrow,88
31,Sissy Sobieski,88
31,Sissy Sobieski,88
21,Kirsten Paltrow,142
21,Kirsten Paltrow,159
21,Kirsten Paltrow,426
21,Kirsten Paltrow,426
36,Burt Dukakis,426
36,Burt Dukakis,426
21,Kirsten Paltrow,497
21,Kirsten Paltrow,507
21,Kirsten Paltrow,680
21,Kirsten Paltrow,686
21,Kirsten Paltrow,700
21,Kirsten Paltrow,700
31,Sissy Sobieski,700
31,Sissy Sobieski,700
21,Kirsten Paltrow,702
21,Kirsten Paltrow,733
21,Kirsten Paltrow,804
21,Kirsten Paltrow,804
23,Sandra Kilmer,804
23,Sandra Kilmer,804
21,Kirsten Paltrow,887
21,Kirsten Paltrow,893
21,Kirsten Paltrow,920
22,Elvis Marx,291
22,Elvis Marx,294
22,Elvis Marx,349
22,Elvis Marx,430
22,Elvis Marx,483
22,Elvis Marx,491
22,Elvis Marx,491
23,Sandra Kilmer,491
23,Sandra Kilmer,491
22,Elvis Marx,634
22,Elvis Marx,648
22,Elvis Marx,731
22,Elvis Marx,731
36,Burt Dukakis,731
36,Burt Dukakis,731
22,Elvis Marx,775
22,Elvis Marx,775
33,Milla Peck,775
33,Milla Peck,775
22,Elvis Marx,802
22,Elvis Marx,802
31,Sissy Sobieski,802
31,Sissy Sobieski,802
22,Elvis Marx,912
23,Sandra Kilmer,78
23,Sandra Kilmer,116
23,Sandra Kilmer,117
23,Sandra Kilmer,235
23,Sandra Kilmer,367
23,Sandra Kilmer,419
23,Sandra Kilmer,435
23,Sandra Kilmer,449
23,Sandra Kilmer,449
29,Alec Wayne,449
29,Alec Wayne,449
23,Sandra Kilmer,549
23,Sandra Kilmer,649
23,Sandra Kilmer,820
23,Sandra Kilmer,855
23,Sandra Kilmer,935
23,Sandra Kilmer,981
23,Sandra Kilmer,997
23,Sandra Kilmer,997
37,Val Bolger,997
37,Val Bolger,997
24,Cameron Streep,83
24,Cameron Streep,126
24,Cameron Streep,178
24,Cameron Streep,194
24,Cameron Streep,242
24,Cameron Streep,335
24,Cameron Streep,335
24,Cameron Streep,335
29,Alec Wayne,335
29,Alec Wayne,335
29,Alec Wayne,335
38,Tom Mckellen,335
38,Tom Mckellen,335
38,Tom Mckellen,335
24,Cameron Streep,405
24,Cameron Streep,585
24,Cameron Streep,585
24,Cameron Streep,585
31,Sissy Sobieski,585
31,Sissy Sobieski,585
31,Sissy Sobieski,585
32,Tim Hackman,585
32,Tim Hackman,585
32,Tim Hackman,585
24,Cameron Streep,653
24,Cameron Streep,704
24,Cameron Streep,781
24,Cameron Streep,829
25,Kevin Bloom,21
25,Kevin Bloom,21
26,Rip Crawford,21
26,Rip Crawford,21
25,Kevin Bloom,86
25,Kevin Bloom,153
25,Kevin Bloom,245
25,Kevin Bloom,245
36,Burt Dukakis,245
36,Burt Dukakis,245
25,Kevin Bloom,311
25,Kevin Bloom,311
29,Alec Wayne,311
29,Alec Wayne,311
25,Kevin Bloom,564
25,Kevin Bloom,564
26,Rip Crawford,564
26,Rip Crawford,564
25,Kevin Bloom,755
26,Rip Crawford,90
26,Rip Crawford,90
34,Audrey Olivier,90
34,Audrey Olivier,90
26,Rip Crawford,93
26,Rip Crawford,103
26,Rip Crawford,103
32,Tim Hackman,103
32,Tim Hackman,103
26,Rip Crawford,186
26,Rip Crawford,327
26,Rip Crawford,390
26,Rip Crawford,390
36,Burt Dukakis,390
36,Burt Dukakis,390
26,Rip Crawford,529
26,Rip Crawford,529
37,Val Bolger,529
37,Val Bolger,529
26,Rip Crawford,544
26,Rip Crawford,682
26,Rip Crawford,682
27,Julia Mcqueen,682
27,Julia Mcqueen,682
26,Rip Crawford,715
26,Rip Crawford,715
36,Burt Dukakis,715
36,Burt Dukakis,715
26,Rip Crawford,821
26,Rip Crawford,885
26,Rip Crawford,904
26,Rip Crawford,904
27,Julia Mcqueen,904
27,Julia Mcqueen,904
26,Rip Crawford,906
27,Julia Mcqueen,150
27,Julia Mcqueen,273
27,Julia Mcqueen,273
29,Alec Wayne,273
29,Alec Wayne,273
27,Julia Mcqueen,334
27,Julia Mcqueen,347
27,Julia Mcqueen,359
27,Julia Mcqueen,586
27,Julia Mcqueen,679
27,Julia Mcqueen,679
28,Woody Hoffman,679
28,Woody Hoffman,679
27,Julia Mcqueen,695
27,Julia Mcqueen,830
27,Julia Mcqueen,986
28,Woody Hoffman,14
28,Woody Hoffman,43
28,Woody Hoffman,43
34,Audrey Olivier,43
34,Audrey Olivier,43
28,Woody Hoffman,58
28,Woody Hoffman,259
28,Woody Hoffman,358
28,Woody Hoffman,508
28,Woody Hoffman,508
37,Val Bolger,508
37,Val Bolger,508
28,Woody Hoffman,551
28,Woody Hoffman,574
28,Woody Hoffman,574
33,Milla Peck,574
33,Milla Peck,574
28,Woody Hoffman,619
28,Woody Hoffman,619
38,Tom Mckellen,619
38,Tom Mckellen,619
28,Woody Hoffman,625
28,Woody Hoffman,743
28,Woody Hoffman,790
28,Woody Hoffman,793
28,Woody Hoffman,793
28,Woody Hoffman,793
31,Sissy Sobieski,793
31,Sissy Sobieski,793
31,Sissy Sobieski,793
38,Tom Mckellen,793
38,Tom Mckellen,793
38,Tom Mckellen,793
28,Woody Hoffman,835
28,Woody Hoffman,879
28,Woody Hoffman,953
28,Woody Hoffman,973
29,Alec Wayne,10
29,Alec Wayne,10
29,Alec Wayne,10
35,Judy Dean,10
35,Judy Dean,10
35,Judy Dean,10
37,Val Bolger,10
37,Val Bolger,10
37,Val Bolger,10
29,Alec Wayne,131
29,Alec Wayne,133
29,Alec Wayne,282
29,Alec Wayne,296
29,Alec Wayne,436
29,Alec Wayne,444
29,Alec Wayne,482
29,Alec Wayne,488
29,Alec Wayne,547
29,Alec Wayne,547
38,Tom Mckellen,547
38,Tom Mckellen,547
29,Alec Wayne,590
29,Alec Wayne,590
36,Burt Dukakis,590
36,Burt Dukakis,590
29,Alec Wayne,646
29,Alec Wayne,723
29,Alec Wayne,862
30,Sandra Peck,64
30,Sandra Peck,69
30,Sandra Peck,77
30,Sandra Peck,260
30,Sandra Peck,260
37,Val Bolger,260
37,Val Bolger,260
30,Sandra Peck,262
30,Sandra Peck,301
30,Sandra Peck,318
30,Sandra Peck,565
30,Sandra Peck,797
31,Sissy Sobieski,163
31,Sissy Sobieski,188
31,Sissy Sobieski,299
31,Sissy Sobieski,308
31,Sissy Sobieski,368
31,Sissy Sobieski,380
31,Sissy Sobieski,380
36,Burt Dukakis,380
36,Burt Dukakis,380
31,Sissy Sobieski,431
31,Sissy Sobieski,431
32,Tim Hackman,431
32,Tim Hackman,431
31,Sissy Sobieski,739
31,Sissy Sobieski,978
32,Tim Hackman,65
32,Tim Hackman,136
32,Tim Hackman,197
32,Tim Hackman,219
32,Tim Hackman,309
32,Tim Hackman,312
32,Tim Hackman,401
32,Tim Hackman,651
32,Tim Hackman,667
32,Tim Hackman,667
33,Milla Peck,667
33,Milla Peck,667
32,Tim Hackman,669
33,Milla Peck,135
33,Milla Peck,214
33,Milla Peck,252
33,Milla Peck,305
33,Milla Peck,306
33,Milla Peck,489
33,Milla Peck,735
33,Milla Peck,737
33,Milla Peck,878
33,Milla Peck,881
33,Milla Peck,965
33,Milla Peck,972
33,Milla Peck,993
34,Audrey Olivier,244
34,Audrey Olivier,389
34,Audrey Olivier,389
35,Judy Dean,389
35,Judy Dean,389
34,Audrey Olivier,493
34,Audrey Olivier,493
36,Burt Dukakis,493
36,Burt Dukakis,493
34,Audrey Olivier,525
34,Audrey Olivier,668
34,Audrey Olivier,720
34,Audrey Olivier,788
34,Audrey Olivier,836
34,Audrey Olivier,950
35,Judy Dean,52
35,Judy Dean,615
35,Judy Dean,707
35,Judy Dean,738
35,Judy Dean,748
36,Burt Dukakis,15
36,Burt Dukakis,81
36,Burt Dukakis,387
36,Burt Dukakis,410
36,Burt Dukakis,466
36,Burt Dukakis,569
36,Burt Dukakis,875
36,Burt Dukakis,915
36,Burt Dukakis,931
36,Burt Dukakis,956
37,Val Bolger,12
37,Val Bolger,122
37,Val Bolger,317
37,Val Bolger,467
37,Val Bolger,572
37,Val Bolger,662
37,Val Bolger,839
37,Val Bolger,839
38,Tom Mckellen,839
38,Tom Mckellen,839
37,Val Bolger,840
37,Val Bolger,925
37,Val Bolger,963
37,Val Bolger,989
38,Tom Mckellen,24
38,Tom Mckellen,160
38,Tom Mckellen,176
38,Tom Mckellen,223
38,Tom Mckellen,338
38,Tom Mckellen,353
38,Tom Mckellen,448
38,Tom Mckellen,450
38,Tom Mckellen,501
38,Tom Mckellen,516
38,Tom Mckellen,705
38,Tom Mckellen,876
39,Goldie Brody,71
39,Goldie Brody,73
39,Goldie Brody,168
39,Goldie Brody,222
39,Goldie Brody,290
39,Goldie Brody,293
